customer_id,name,tier,region,acquired_at
C1000,Bob Brown,bronze,West,2020-10-17
C1001,Alice Taylor,silver,North,2020-12-29
C1002,Eve Johnson,bronze,North,2023-05-01
C1003,Frank Taylor,silver,West,2021-05-21
C1004,Henry Johnson,bronze,North,2023-03-07
C1005,Eve Davis,silver,South,2020-10-27
C1006,Bob Johnson,bronze,East,2022-07-15
C1007,Henry Wilson,platinum,East,2023-09-20
C1008,Henry Miller,bronze,North,2021-12-23
C1009,Eve Wilson,gold,West,2020-08-18
C1010,Eve Smith,bronze,West,2021-03-27
C1011,Carol Wilson,silver,South,2023-03-28
C1012,Grace Wilson,bronze,North,2021-01-31
C1013,Grace Johnson,platinum,West,2022-12-15
C1014,Carol Miller,platinum,East,2021-11-09
C1015,Grace Moore,platinum,East,2021-09-25
C1016,Dan Smith,silver,East,2023-06-08
C1017,Bob Moore,gold,East,2021-08-13
C1018,Bob Smith,silver,South,2022-08-13
C1019,Carol Miller,silver,South,2021-09-13
C1020,Henry Miller,bronze,East,2020-02-01
C1021,Henry Smith,bronze,North,2020-04-18
C1022,Henry Miller,bronze,East,2023-09-14
C1023,Alice Smith,bronze,East,2021-08-03
C1024,Carol Johnson,gold,South,2021-02-06
C1025,Grace Johnson,bronze,North,2022-08-27
C1026,Frank Davis,gold,West,2022-05-15
C1027,Grace Johnson,gold,East,2023-05-07
C1028,Eve Brown,silver,East,2023-03-30
C1029,Carol Davis,bronze,West,2023-02-09
C1030,Dan Miller,bronze,East,2023-03-06
C1031,Henry Brown,bronze,West,2020-07-15
C1032,Carol Taylor,silver,East,2022-08-17
C1033,Frank Moore,silver,West,2022-08-02
C1034,Alice Smith,platinum,West,2020-06-30
C1035,Carol Miller,gold,East,2020-09-17
C1036,Eve Smith,gold,West,2020-09-14
C1037,Grace Smith,silver,West,2020-04-21
C1038,Bob Smith,bronze,North,2021-11-13
C1039,Bob Miller,silver,East,2020-05-04
C1040,Bob Smith,gold,South,2023-02-25
C1041,Henry Brown,bronze,South,2021-09-08
C1042,Eve Smith,gold,South,2020-08-22
C1043,Bob Smith,bronze,North,2022-11-30
C1044,Bob Davis,bronze,West,2020-02-20
C1045,Henry Moore,bronze,North,2021-09-06
C1046,Grace Taylor,platinum,South,2023-01-24
C1047,Eve Taylor,gold,North,2022-06-04
C1048,Carol Smith,bronze,South,2020-12-15
C1049,Dan Taylor,silver,East,2023-09-29
C1050,Bob Taylor,bronze,East,2022-03-12
C1051,Grace Johnson,silver,West,2020-10-30
C1052,Alice Miller,silver,West,2020-01-23
C1053,Eve Smith,silver,West,2020-03-28
C1054,Frank Brown,silver,West,2021-07-21
C1055,Alice Brown,bronze,South,2021-12-15
C1056,Grace Johnson,bronze,South,2021-12-21
C1057,Frank Taylor,gold,South,2021-07-24
C1058,Eve Moore,bronze,West,2022-02-10
C1059,Henry Brown,silver,East,2020-09-22
C1060,Frank Wilson,silver,West,2020-05-18
C1061,Alice Smith,gold,South,2021-04-19
C1062,Bob Johnson,silver,West,2021-10-24
C1063,Dan Davis,bronze,South,2022-02-25
C1064,Grace Johnson,bronze,East,2020-08-22
C1065,Alice Johnson,silver,East,2023-05-27
C1066,Alice Brown,bronze,West,2022-02-12
C1067,Carol Davis,bronze,West,2022-06-15
C1068,Eve Davis,bronze,South,2022-06-07
C1069,Dan Johnson,silver,North,2021-02-20
C1070,Alice Brown,gold,East,2022-04-15
C1071,Bob Wilson,bronze,West,2021-01-24
C1072,Dan Taylor,silver,East,2023-06-20
C1073,Carol Johnson,silver,West,2020-05-25
C1074,Bob Brown,gold,East,2020-07-25
C1075,Bob Taylor,bronze,East,2020-02-16
C1076,Dan Miller,platinum,East,2022-03-10
C1077,Frank Johnson,gold,South,2021-08-12
C1078,Bob Davis,gold,East,2022-03-28
C1079,Alice Johnson,silver,East,2023-08-30
